,surface_area,independence_year,population
0,193.0,,103000
1,652090.0,1919.0,22720000
2,1246700.0,1975.0,12878000
3,96.0,,8000
4,28748.0,1912.0,3401200
5,468.0,1278.0,78000
6,800.0,,217000
7,83600.0,1971.0,2441000
8,2780400.0,1816.0,37032000
9,29800.0,1991.0,3520000
10,199.0,,68000
11,13120000.0,,0
12,7780.0,,0
13,442.0,1981.0,68000
14,7741220.0,1901.0,18886000
15,83859.0,1918.0,8091800
16,86600.0,1991.0,7734000
17,27834.0,1962.0,6695000
18,30518.0,1830.0,10239000
19,112622.0,1960.0,6097000
20,274000.0,1960.0,11937000
21,143998.0,1971.0,129155000
22,110994.0,1908.0,8190900
23,694.0,1971.0,617000
24,13878.0,1973.0,307000
25,51197.0,1992.0,3972000
26,207600.0,1991.0,10236000
27,22696.0,1981.0,241000
28,53.0,,65000
29,1098581.0,1825.0,8329000
30,8547403.0,1822.0,170115000
31,430.0,1966.0,270000
32,5765.0,1984.0,328000
33,47000.0,1910.0,2124000
34,59.0,,0
35,581730.0,1966.0,1622000
36,622984.0,1960.0,3615000
37,9970610.0,1867.0,31147000
38,14.0,,600
39,41284.0,1499.0,7160400
40,756626.0,1810.0,15211000
41,9572900.0,-1523.0,1277558000
42,322463.0,1960.0,14786000
43,475442.0,1960.0,15085000
44,2344858.0,1960.0,51654000
45,342000.0,1960.0,2943000
46,236.0,,20000
47,1138914.0,1810.0,42321000
48,1862.0,1975.0,578000
49,4033.0,1975.0,428000
50,51100.0,1821.0,4023000
51,110861.0,1902.0,11201000
52,135.0,,2500
53,264.0,,38000
54,9251.0,1960.0,754700
55,78866.0,1993.0,10278100
56,357022.0,1955.0,82164700
57,23200.0,1977.0,638000
58,751.0,1978.0,71000
59,43094.0,800.0,5330000
60,48511.0,1844.0,8495000
61,2381741.0,1962.0,31471000
62,283561.0,1822.0,12646000
63,1001449.0,1922.0,68470000
64,117600.0,1993.0,3850000
65,266000.0,,293000
66,505992.0,1492.0,39441700
67,45227.0,1991.0,1439200
68,1104300.0,-1000.0,62565000
69,338145.0,1917.0,5171300
70,18274.0,1970.0,817000
71,12173.0,,2000
72,551500.0,843.0,59225700
73,1399.0,,43000
74,702.0,1990.0,119000
75,267668.0,1960.0,1226000
76,242900.0,1066.0,59623400
77,69700.0,1991.0,4968000
78,238533.0,1957.0,20212000
79,6.0,,25000
80,245857.0,1958.0,7430000
81,1705.0,,456000
82,11295.0,1965.0,1305000
83,36125.0,1974.0,1213000
84,28051.0,1968.0,453000
85,131626.0,1830.0,10545700
86,344.0,1974.0,94000
87,2166090.0,,56000
88,108889.0,1821.0,11385000
89,90000.0,,181000
90,549.0,,168000
91,214969.0,1966.0,861000
92,1075.0,,6782000
93,359.0,,0
94,112088.0,1838.0,6485000
95,56538.0,1991.0,4473000
96,27750.0,1804.0,8222000
97,93030.0,1918.0,10043200
98,1904569.0,1945.0,212107000
99,3287263.0,1947.0,1013662000
100,78.0,,0
101,70273.0,1921.0,3775100
102,1648195.0,1906.0,67702000
103,438317.0,1932.0,23115000
104,103000.0,1944.0,279000
105,21056.0,1948.0,6217000
106,301316.0,1861.0,57680000
107,10990.0,1962.0,2583000
108,88946.0,1946.0,5083000
109,377829.0,-660.0,126714000
110,2724900.0,1991.0,16223000
111,580367.0,1963.0,30080000
112,199900.0,1991.0,4699000
113,181035.0,1953.0,11168000
114,726.0,1979.0,83000
115,261.0,1983.0,38000
116,99434.0,1948.0,46844000
117,17818.0,1961.0,1972000
118,236800.0,1953.0,5433000
119,10400.0,1941.0,3282000
120,111369.0,1847.0,3154000
121,1759540.0,1951.0,5605000
122,622.0,1979.0,154000
123,160.0,1806.0,32300
124,65610.0,1948.0,18827000
125,30355.0,1966.0,2153000
126,65301.0,1991.0,3698500
127,2586.0,1867.0,435700
128,64589.0,1991.0,2424200
129,18.0,,473000
130,446550.0,1956.0,28351000
131,1.5,1861.0,34000
132,33851.0,1991.0,4380000
133,587041.0,1960.0,15942000
134,298.0,1965.0,286000
135,1958201.0,1810.0,98881000
136,181.0,1990.0,64000
137,25713.0,1991.0,2024000
138,1240192.0,1960.0,11234000
139,316.0,1964.0,380200
140,676578.0,1948.0,45611000
141,1566500.0,1921.0,2662000
142,464.0,,78000
143,801590.0,1975.0,19680000
144,1025520.0,1960.0,2670000
145,102.0,,11000
146,1102.0,,395000
147,2040.0,1968.0,1158000
148,118484.0,1964.0,10925000
149,329758.0,1957.0,22244000
150,373.0,,149000
151,824292.0,1990.0,1726000
152,18575.0,,214000
153,1267000.0,1960.0,10730000
154,36.0,,2000
155,923768.0,1960.0,111506000
156,130000.0,1838.0,5074000
157,260.0,,2000
158,41526.0,1581.0,15864000
159,323877.0,1905.0,4478500
160,147181.0,1769.0,23930000
161,21.0,1968.0,12000
162,270534.0,1907.0,3862000
163,309500.0,1951.0,2542000
164,796095.0,1947.0,156483000
165,75517.0,1903.0,2856000
166,49.0,,50
167,1285216.0,1821.0,25662000
168,300000.0,1946.0,75967000
169,459.0,1994.0,19000
170,462840.0,1975.0,4807000
171,323250.0,1918.0,38653600
172,8875.0,,3869000
173,120538.0,1948.0,24039000
174,91982.0,1143.0,9997600
175,406752.0,1811.0,5496000
176,6257.0,,3101000
177,4000.0,,235000
178,11000.0,1971.0,599000
179,2510.0,,699000
180,238391.0,1878.0,22455500
181,17075400.0,1991.0,146934000
182,26338.0,1962.0,7733000
183,2149690.0,1932.0,21607000
184,2505813.0,1956.0,29490000
185,196722.0,1960.0,9481000
186,618.0,1965.0,3567000
187,3903.0,,0
188,314.0,,6000
189,62422.0,,3200
190,28896.0,1978.0,444000
191,71740.0,1961.0,4854000
192,21041.0,1841.0,6276000
193,61.0,885.0,27000
194,637657.0,1960.0,10097000
195,242.0,,7000
196,964.0,1975.0,147000
197,163265.0,1975.0,417000
198,49012.0,1993.0,5398700
199,20256.0,1991.0,1987800
200,449964.0,836.0,8861400
201,17364.0,1968.0,1008000
202,455.0,1976.0,77000
203,185180.0,1941.0,16125000
204,430.0,,17000
205,1284000.0,1960.0,7651000
206,56785.0,1960.0,4629000
207,513115.0,1350.0,61399000
208,143100.0,1991.0,6188000
209,12.0,,2000
210,488100.0,1991.0,4459000
211,14874.0,,885000
212,650.0,1970.0,99000
213,5130.0,1962.0,1295000
214,163610.0,1956.0,9586000
215,774815.0,1923.0,66591000
216,26.0,1978.0,12000
217,36188.0,1945.0,22256000
218,883749.0,1961.0,33517000
219,241038.0,1962.0,21778000
220,603700.0,1991.0,50456000
221,16.0,,0
222,175016.0,1828.0,3337000
223,9363520.0,1776.0,278357000
224,447400.0,1991.0,24318000
225,0.4,1929.0,1000
226,388.0,1979.0,114000
227,912050.0,1811.0,24170000
228,151.0,,21000
229,347.0,,93000
230,331689.0,1945.0,79832000
231,12189.0,1980.0,190000
232,200.0,,15000
233,2831.0,1962.0,180000
234,527968.0,1918.0,18112000
235,102173.0,1918.0,10640000
236,1221037.0,1910.0,40377000
237,752618.0,1964.0,9169000
238,390757.0,1980.0,11669000
